<?xml version="1.0" encoding="UTF-8"?>
<connector xmlns="http://geronimo.apache.org/xml/ns/j2ee/connector-1.2">
    <dep:environment xmlns:dep="http://geronimo.apache.org/xml/ns/deployment-1.2">
        <dep:moduleId>
            <dep:groupId>console.dbpool</dep:groupId>
            <dep:artifactId>LibraryDS</dep:artifactId>
            <dep:version>1.0</dep:version>
            <dep:type>rar</dep:type>
        </dep:moduleId>
        <dep:dependencies>
            <dep:dependency>
                <dep:groupId>org.apache.geronimo.configs</dep:groupId>
                <dep:artifactId>system-database</dep:artifactId>
                <dep:version>2.1.4</dep:version>
                <dep:type>car</dep:type>
            </dep:dependency>
        </dep:dependencies>
    </dep:environment>
    <resourceadapter>
        <outbound-resourceadapter>
            <connection-definition>
                <connectionfactory-interface>javax.sql.DataSource</connectionfactory-interface>
                <connectiondefinition-instance>
                    <name>LibraryDS</name>
                    <config-property-setting name="Password">manager</config-property-setting>
                    <config-property-setting name="LoginTimeout"/>
                    <config-property-setting name="DatabaseName">LIBRARYDB</config-property-setting>
                    <config-property-setting name="UserName">system</config-property-setting>
                    <config-property-setting name="ShutdownDatabase"/>
                    <connectionmanager>
                        <local-transaction/>
                        <single-pool>
                            <max-size>10</max-size>
                            <min-size>0</min-size>
                            <match-one/>
                        </single-pool>
                    </connectionmanager>
                </connectiondefinition-instance>
            </connection-definition>
        </outbound-resourceadapter>
    </resourceadapter>
</connector>