<?xml version="1.0" encoding="UTF-8"?>
<connector xmlns="http://geronimo.apache.org/xml/ns/j2ee/connector-1.2">
    <dep:environment xmlns:dep="http://geronimo.apache.org/xml/ns/deployment-1.2">
        <dep:moduleId>
            <dep:groupId>console.jms</dep:groupId>
            <dep:artifactId>Sample RA</dep:artifactId>
            <dep:version>1.0</dep:version>
            <dep:type>rar</dep:type>
        </dep:moduleId>
        <dep:dependencies>
            <dep:dependency>
                <dep:groupId>org.apache.geronimo.configs</dep:groupId>
                <dep:artifactId>activemq-broker</dep:artifactId>
                <dep:type>car</dep:type>
            </dep:dependency>
        </dep:dependencies>
    </dep:environment>
    <resourceadapter>
        <resourceadapter-instance>
            <resourceadapter-name>Sample RA</resourceadapter-name>
            <config-property-setting name="Password">manager</config-property-setting>
            <config-property-setting name="UserName">system</config-property-setting>
            <nam:workmanager xmlns:nam="http://geronimo.apache.org/xml/ns/naming-1.2">
                <nam:gbean-link>DefaultWorkManager</nam:gbean-link>
            </nam:workmanager>
        </resourceadapter-instance>
        <outbound-resourceadapter>
            <connection-definition>
                <connectionfactory-interface>javax.jms.ConnectionFactory</connectionfactory-interface>
                <connectiondefinition-instance>
                    <name>SampleConnectionFactory</name>                    
                    <implemented-interface>javax.jms.TopicConnectionFactory</implemented-interface>
                    <connectionmanager>
                        <xa-transaction>
                            <transaction-caching/>
                        </xa-transaction>
                        <single-pool>
                            <match-one/>
                        </single-pool>
                    </connectionmanager>
                </connectiondefinition-instance>
            </connection-definition>
        </outbound-resourceadapter>
    </resourceadapter>
    <adminobject>
        <adminobject-interface>javax.jms.Topic</adminobject-interface>
        <adminobject-class>org.apache.activemq.command.ActiveMQTopic</adminobject-class>
        <adminobject-instance>
            <message-destination-name>SampleTopic</message-destination-name>
            <config-property-setting name="PhysicalName">SampleTopic</config-property-setting>
        </adminobject-instance>
    </adminobject>
    <adminobject>
        <adminobject-interface>javax.jms.Queue</adminobject-interface>
        <adminobject-class>org.apache.activemq.command.ActiveMQQueue</adminobject-class>
    </adminobject>
</connector>

