<portlet-app
    xmlns="http://java.sun.com/xml/ns/portlet/portlet-app_1_0.xsd"
    version="1.0"
    xmlns:xsi="http://www.w3.org/2001/XMLSchema-instance"
    xsi:schemaLocation="http://java.sun.com/xml/ns/portlet/portlet-app_1_0.xsd
                        http://java.sun.com/xml/ns/portlet/portlet-app_1_0.xsd">

    <portlet>
        <description>Clock Plugin portlet</description>
        <portlet-name>WorldClockPortlet</portlet-name>
        <display-name>World Clock Portlet</display-name>
        <portlet-class>com.pact.plugins.ClockPortlet</portlet-class>
        <supports> <!-- Defines which views are avaliable [view,edit,help] -->
            <mime-type>text/html</mime-type>
            <portlet-mode>VIEW</portlet-mode>
        </supports>
        <portlet-info>
            <title>World Clock Portlet</title>
        </portlet-info>
    </portlet>
    
</portlet-app>
